{"id": 42849, "vector": [-5.051529667847, 1.6566058632729999], "costs": [25.517951985138424, 2.744342986230481], "costs_singed": [25.517952, 2.744343, 0.0], "custom": {"functions": [25.517951985138424, 2.744342986230481]}, "state": "evaluated", "info": {"start_time": 1594646210.6526065, "finish_time": 1594646210.6527004, "population": -1, "processor": "x86_64", "system": "Linux", "python": "3.8.2", "hostname": "david-HP-ProBook-650-G4"}, "population_id": 102, "features": {"dominate": [], "crowding_distance": Infinity, "domination_counter": 0, "front_number": 1}}